,c-index,Loss,TCGA_KIRC_c-index,TCGA_KIRC_Loss
0,0.0,2.0650079250335693,0.0,2.0650079250335693
