,c-index,Loss,TCGA_KIRC_c-index,TCGA_KIRC_Loss
0,0.9,1.1726688146591187,0.9,1.1726688146591187
