,c-index,Loss,TCGA_KIRC_c-index,TCGA_KIRC_Loss
0,0.5,1.5850671529769897,0.5,1.5850671529769897
