,c-index,Loss,TCGA_KIRC_c-index,TCGA_KIRC_Loss
0,0.9,1.3249635696411133,0.9,1.3249635696411133
