,c-index,Loss,TCGA_KIRC_c-index,TCGA_KIRC_Loss
0,0.5,1.5732513666152954,0.5,1.5732513666152954
