,c-index,Loss,TCGA_KIRC_c-index,TCGA_KIRC_Loss
0,0.0,1.3866243362426758,0.0,1.3866243362426758
