,c-index,Loss,TCGA_KIRC_c-index,TCGA_KIRC_Loss
0,0.5714285714285714,2.5416252613067627,0.5714285714285714,2.5416252613067627
