,c-index,Loss,TCGA_KIRC_c-index,TCGA_KIRC_Loss
0,0.6666666666666666,1.661965012550354,0.6666666666666666,1.661965012550354
