,c-index,Loss,TCGA_KIRC_c-index,TCGA_KIRC_Loss
0,0.8,1.6746944189071655,0.8,1.6746944189071655
