,c-index,Loss,TCGA_KIRC_c-index,TCGA_KIRC_Loss
0,0.09090909090909091,1.5641084909439087,0.09090909090909091,1.5641084909439087
